INSERT INTO CONDITION(CONDITION_ID, NAME) VALUES (1, 'Healthy');
INSERT INTO CONDITION(CONDITION_ID, NAME) VALUES (2, 'High blood pressure');
INSERT INTO CONDITION(CONDITION_ID, NAME) VALUES (3, 'Diabetes');
INSERT INTO CONDITION(CONDITION_ID, NAME) VALUES (4, 'Heart disease');
INSERT INTO CONDITION(CONDITION_ID, NAME) VALUES (5, 'Asthma');
INSERT INTO CONDITION(CONDITION_ID, NAME) VALUES (6, 'Obesity');
INSERT INTO CONDITION(CONDITION_ID, NAME) VALUES (7, 'Arthritis');
INSERT INTO CONDITION(CONDITION_ID, NAME) VALUES (8, 'Alzheimers');
INSERT INTO CONDITION(CONDITION_ID, NAME) VALUES (9, 'Depression');

INSERT INTO MEASUREMENT(MEASUREMENT_ID, NAME, MAGNITUDE) VALUES(1, 'Blood Pressure', 'Pa');
INSERT INTO MEASUREMENT(MEASUREMENT_ID, NAME, MAGNITUDE) VALUES(2, 'Heart Rate', 'Beats/Minute');
INSERT INTO MEASUREMENT(MEASUREMENT_ID, NAME, MAGNITUDE) VALUES(3, 'Breathing Rate', 'Times/Minute');
INSERT INTO MEASUREMENT(MEASUREMENT_ID, NAME, MAGNITUDE) VALUES(4, 'Body Temperature', 'Celcius');
INSERT INTO MEASUREMENT(MEASUREMENT_ID, NAME, MAGNITUDE) VALUES(5, 'Oxygen Saturation', 'Parcent');
INSERT INTO MEASUREMENT(MEASUREMENT_ID, NAME, MAGNITUDE) VALUES(6, 'Blood Glucose', 'mg/dL');
INSERT INTO MEASUREMENT(MEASUREMENT_ID, NAME, MAGNITUDE) VALUES(7, 'Sleep', 'Hours');
INSERT INTO MEASUREMENT(MEASUREMENT_ID, NAME, MAGNITUDE) VALUES(8, 'Activity', 'Minutes');

INSERT INTO PATIENT(PATIENT_ID, FIRST_NAME, SECOND_NAME, AGE, CONDITION_ID) VALUES (1, 'John', 'Doe', 55, 1);
INSERT INTO PATIENT(PATIENT_ID, FIRST_NAME, SECOND_NAME, AGE, CONDITION_ID) VALUES (2, 'Jane', 'Smith', 30, 1);
INSERT INTO PATIENT(PATIENT_ID, FIRST_NAME, SECOND_NAME, AGE, CONDITION_ID) VALUES (3, 'James', 'Brown', 50, 2);
INSERT INTO PATIENT(PATIENT_ID, FIRST_NAME, SECOND_NAME, AGE, CONDITION_ID) VALUES (4, 'Sarah', 'Johnson', 68, 3);
INSERT INTO PATIENT(PATIENT_ID, FIRST_NAME, SECOND_NAME, AGE, CONDITION_ID) VALUES (5, 'Michael', 'Williams', 45, 1);
INSERT INTO PATIENT(PATIENT_ID, FIRST_NAME, SECOND_NAME, AGE, CONDITION_ID) VALUES (6, 'Elizabeth', 'Taylor', 72, 1);
INSERT INTO PATIENT(PATIENT_ID, FIRST_NAME, SECOND_NAME, AGE, CONDITION_ID) VALUES (7, 'David', 'Jones', 60, 4);
INSERT INTO PATIENT(PATIENT_ID, FIRST_NAME, SECOND_NAME, AGE, CONDITION_ID) VALUES (8, 'Jennifer', 'Martin', 35, 5);
INSERT INTO PATIENT(PATIENT_ID, FIRST_NAME, SECOND_NAME, AGE, CONDITION_ID) VALUES (9, 'Thomas', 'Thompson', 40, 6);
INSERT INTO PATIENT(PATIENT_ID, FIRST_NAME, SECOND_NAME, AGE, CONDITION_ID) VALUES (10, 'Linda', 'Garcia', 58, 7);
INSERT INTO PATIENT(PATIENT_ID, FIRST_NAME, SECOND_NAME, AGE, CONDITION_ID) VALUES (11, 'Robert', 'Anderson', 66, 2);
INSERT INTO PATIENT(PATIENT_ID, FIRST_NAME, SECOND_NAME, AGE, CONDITION_ID) VALUES (12, 'Patricia', 'Jackson', 32, 1);
INSERT INTO PATIENT(PATIENT_ID, FIRST_NAME, SECOND_NAME, AGE, CONDITION_ID) VALUES (13, 'Joseph', 'White', 70, 8);
INSERT INTO PATIENT(PATIENT_ID, FIRST_NAME, SECOND_NAME, AGE, CONDITION_ID) VALUES (14, 'Susan', 'Harris', 46, 9);
INSERT INTO PATIENT(PATIENT_ID, FIRST_NAME, SECOND_NAME, AGE, CONDITION_ID) VALUES (15, 'Charles', 'Clark', 51, 2);
INSERT INTO PATIENT(PATIENT_ID, FIRST_NAME, SECOND_NAME, AGE, CONDITION_ID) VALUES (16, 'Jessica', 'Lewis', 29, 1);
INSERT INTO PATIENT(PATIENT_ID, FIRST_NAME, SECOND_NAME, AGE, CONDITION_ID) VALUES (17, 'William', 'Young', 65, 3);
INSERT INTO PATIENT(PATIENT_ID, FIRST_NAME, SECOND_NAME, AGE, CONDITION_ID) VALUES (18, 'Karen', 'Hall', 38, 6);
INSERT INTO PATIENT(PATIENT_ID, FIRST_NAME, SECOND_NAME, AGE, CONDITION_ID) VALUES (19, 'Richard', 'Allen', 59, 4);
INSERT INTO PATIENT(PATIENT_ID, FIRST_NAME, SECOND_NAME, AGE, CONDITION_ID) VALUES (20, 'Barbara', 'Wright', 75, 7);


INSERT INTO PATIENT_MEASUREMENT(PATIENT, MEASUREMENT, VALUE) VALUES (1, 1, 22);
INSERT INTO PATIENT_MEASUREMENT(PATIENT, MEASUREMENT, VALUE) VALUES (1, 2, 103);
INSERT INTO PATIENT_MEASUREMENT(PATIENT, MEASUREMENT, VALUE) VALUES (1, 3, 95);
INSERT INTO PATIENT_MEASUREMENT(PATIENT, MEASUREMENT, VALUE) VALUES (1, 4, 68);
INSERT INTO PATIENT_MEASUREMENT(PATIENT, MEASUREMENT, VALUE) VALUES (1, 5, 120);
INSERT INTO PATIENT_MEASUREMENT(PATIENT, MEASUREMENT, VALUE) VALUES (1, 6, 22);
INSERT INTO PATIENT_MEASUREMENT(PATIENT, MEASUREMENT, VALUE) VALUES (1, 7, 72);
INSERT INTO PATIENT_MEASUREMENT(PATIENT, MEASUREMENT, VALUE) VALUES (1, 8, 59);
INSERT INTO PATIENT_MEASUREMENT(PATIENT, MEASUREMENT, VALUE) VALUES (1, 9, 63);
INSERT INTO PATIENT_MEASUREMENT(PATIENT, MEASUREMENT, VALUE) VALUES (2, 1, 33);
INSERT INTO PATIENT_MEASUREMENT(PATIENT, MEASUREMENT, VALUE) VALUES (2, 2, 138);
INSERT INTO PATIENT_MEASUREMENT(PATIENT, MEASUREMENT, VALUE) VALUES (2, 3, 13);
INSERT INTO PATIENT_MEASUREMENT(PATIENT, MEASUREMENT, VALUE) VALUES (2, 4, 16);
INSERT INTO PATIENT_MEASUREMENT(PATIENT, MEASUREMENT, VALUE) VALUES (2, 5, 68);
INSERT INTO PATIENT_MEASUREMENT(PATIENT, MEASUREMENT, VALUE) VALUES (2, 6, 7);
INSERT INTO PATIENT_MEASUREMENT(PATIENT, MEASUREMENT, VALUE) VALUES (2, 7, 8);
INSERT INTO PATIENT_MEASUREMENT(PATIENT, MEASUREMENT, VALUE) VALUES (2, 8, 82);
INSERT INTO PATIENT_MEASUREMENT(PATIENT, MEASUREMENT, VALUE) VALUES (2, 9, 32);
INSERT INTO PATIENT_MEASUREMENT(PATIENT, MEASUREMENT, VALUE) VALUES (3, 1, 68);
INSERT INTO PATIENT_MEASUREMENT(PATIENT, MEASUREMENT, VALUE) VALUES (3, 2, 105);
INSERT INTO PATIENT_MEASUREMENT(PATIENT, MEASUREMENT, VALUE) VALUES (3, 3, 50);
INSERT INTO PATIENT_MEASUREMENT(PATIENT, MEASUREMENT, VALUE) VALUES (3, 4, 60);
INSERT INTO PATIENT_MEASUREMENT(PATIENT, MEASUREMENT, VALUE) VALUES (3, 5, 116);
INSERT INTO PATIENT_MEASUREMENT(PATIENT, MEASUREMENT, VALUE) VALUES (3, 6, 25);
INSERT INTO PATIENT_MEASUREMENT(PATIENT, MEASUREMENT, VALUE) VALUES (3, 7, 76);
INSERT INTO PATIENT_MEASUREMENT(PATIENT, MEASUREMENT, VALUE) VALUES (3, 8, 20);
INSERT INTO PATIENT_MEASUREMENT(PATIENT, MEASUREMENT, VALUE) VALUES (3, 9, 86);
INSERT INTO PATIENT_MEASUREMENT(PATIENT, MEASUREMENT, VALUE) VALUES (4, 1, 90);
INSERT INTO PATIENT_MEASUREMENT(PATIENT, MEASUREMENT, VALUE) VALUES (4, 2, 12);
INSERT INTO PATIENT_MEASUREMENT(PATIENT, MEASUREMENT, VALUE) VALUES (4, 3, 113);
INSERT INTO PATIENT_MEASUREMENT(PATIENT, MEASUREMENT, VALUE) VALUES (4, 4, 56);
INSERT INTO PATIENT_MEASUREMENT(PATIENT, MEASUREMENT, VALUE) VALUES (4, 5, 56);
INSERT INTO PATIENT_MEASUREMENT(PATIENT, MEASUREMENT, VALUE) VALUES (4, 6, 135);
INSERT INTO PATIENT_MEASUREMENT(PATIENT, MEASUREMENT, VALUE) VALUES (4, 7, 92);
INSERT INTO PATIENT_MEASUREMENT(PATIENT, MEASUREMENT, VALUE) VALUES (4, 8, 38);
INSERT INTO PATIENT_MEASUREMENT(PATIENT, MEASUREMENT, VALUE) VALUES (4, 9, 145);
INSERT INTO PATIENT_MEASUREMENT(PATIENT, MEASUREMENT, VALUE) VALUES (5, 1, 102);
INSERT INTO PATIENT_MEASUREMENT(PATIENT, MEASUREMENT, VALUE) VALUES (5, 2, 43);
INSERT INTO PATIENT_MEASUREMENT(PATIENT, MEASUREMENT, VALUE) VALUES (5, 3, 132);
INSERT INTO PATIENT_MEASUREMENT(PATIENT, MEASUREMENT, VALUE) VALUES (5, 4, 147);
INSERT INTO PATIENT_MEASUREMENT(PATIENT, MEASUREMENT, VALUE) VALUES (5, 5, 106);
INSERT INTO PATIENT_MEASUREMENT(PATIENT, MEASUREMENT, VALUE) VALUES (5, 6, 65);
INSERT INTO PATIENT_MEASUREMENT(PATIENT, MEASUREMENT, VALUE) VALUES (5, 7, 143);
INSERT INTO PATIENT_MEASUREMENT(PATIENT, MEASUREMENT, VALUE) VALUES (5, 8, 133);
INSERT INTO PATIENT_MEASUREMENT(PATIENT, MEASUREMENT, VALUE) VALUES (5, 9, 40);
INSERT INTO PATIENT_MEASUREMENT(PATIENT, MEASUREMENT, VALUE) VALUES (6, 1, 36);
INSERT INTO PATIENT_MEASUREMENT(PATIENT, MEASUREMENT, VALUE) VALUES (6, 2, 4);
INSERT INTO PATIENT_MEASUREMENT(PATIENT, MEASUREMENT, VALUE) VALUES (6, 3, 15);
INSERT INTO PATIENT_MEASUREMENT(PATIENT, MEASUREMENT, VALUE) VALUES (6, 4, 67);
INSERT INTO PATIENT_MEASUREMENT(PATIENT, MEASUREMENT, VALUE) VALUES (6, 5, 62);
INSERT INTO PATIENT_MEASUREMENT(PATIENT, MEASUREMENT, VALUE) VALUES (6, 6, 13);
INSERT INTO PATIENT_MEASUREMENT(PATIENT, MEASUREMENT, VALUE) VALUES (6, 7, 102);
INSERT INTO PATIENT_MEASUREMENT(PATIENT, MEASUREMENT, VALUE) VALUES (6, 8, 59);
INSERT INTO PATIENT_MEASUREMENT(PATIENT, MEASUREMENT, VALUE) VALUES (6, 9, 129);
INSERT INTO PATIENT_MEASUREMENT(PATIENT, MEASUREMENT, VALUE) VALUES (7, 1, 55);
INSERT INTO PATIENT_MEASUREMENT(PATIENT, MEASUREMENT, VALUE) VALUES (7, 2, 134);
INSERT INTO PATIENT_MEASUREMENT(PATIENT, MEASUREMENT, VALUE) VALUES (7, 3, 116);
INSERT INTO PATIENT_MEASUREMENT(PATIENT, MEASUREMENT, VALUE) VALUES (7, 4, 18);
INSERT INTO PATIENT_MEASUREMENT(PATIENT, MEASUREMENT, VALUE) VALUES (7, 5, 23);
INSERT INTO PATIENT_MEASUREMENT(PATIENT, MEASUREMENT, VALUE) VALUES (7, 6, 28);
INSERT INTO PATIENT_MEASUREMENT(PATIENT, MEASUREMENT, VALUE) VALUES (7, 7, 120);
INSERT INTO PATIENT_MEASUREMENT(PATIENT, MEASUREMENT, VALUE) VALUES (7, 8, 40);
INSERT INTO PATIENT_MEASUREMENT(PATIENT, MEASUREMENT, VALUE) VALUES (7, 9, 28);
INSERT INTO PATIENT_MEASUREMENT(PATIENT, MEASUREMENT, VALUE) VALUES (8, 1, 8);
INSERT INTO PATIENT_MEASUREMENT(PATIENT, MEASUREMENT, VALUE) VALUES (8, 2, 50);
INSERT INTO PATIENT_MEASUREMENT(PATIENT, MEASUREMENT, VALUE) VALUES (8, 3, 21);
INSERT INTO PATIENT_MEASUREMENT(PATIENT, MEASUREMENT, VALUE) VALUES (8, 4, 81);
INSERT INTO PATIENT_MEASUREMENT(PATIENT, MEASUREMENT, VALUE) VALUES (8, 5, 121);
INSERT INTO PATIENT_MEASUREMENT(PATIENT, MEASUREMENT, VALUE) VALUES (8, 6, 73);
INSERT INTO PATIENT_MEASUREMENT(PATIENT, MEASUREMENT, VALUE) VALUES (8, 7, 55);
INSERT INTO PATIENT_MEASUREMENT(PATIENT, MEASUREMENT, VALUE) VALUES (8, 8, 61);
INSERT INTO PATIENT_MEASUREMENT(PATIENT, MEASUREMENT, VALUE) VALUES (8, 9, 36);
INSERT INTO PATIENT_MEASUREMENT(PATIENT, MEASUREMENT, VALUE) VALUES (9, 1, 63);
INSERT INTO PATIENT_MEASUREMENT(PATIENT, MEASUREMENT, VALUE) VALUES (9, 2, 97);
INSERT INTO PATIENT_MEASUREMENT(PATIENT, MEASUREMENT, VALUE) VALUES (9, 3, 10);
INSERT INTO PATIENT_MEASUREMENT(PATIENT, MEASUREMENT, VALUE) VALUES (9, 4, 89);
INSERT INTO PATIENT_MEASUREMENT(PATIENT, MEASUREMENT, VALUE) VALUES (9, 5, 78);
INSERT INTO PATIENT_MEASUREMENT(PATIENT, MEASUREMENT, VALUE) VALUES (9, 6, 138);
INSERT INTO PATIENT_MEASUREMENT(PATIENT, MEASUREMENT, VALUE) VALUES (9, 7, 144);
INSERT INTO PATIENT_MEASUREMENT(PATIENT, MEASUREMENT, VALUE) VALUES (9, 8, 138);
INSERT INTO PATIENT_MEASUREMENT(PATIENT, MEASUREMENT, VALUE) VALUES (9, 9, 113);
INSERT INTO PATIENT_MEASUREMENT(PATIENT, MEASUREMENT, VALUE) VALUES (10, 1, 0);
INSERT INTO PATIENT_MEASUREMENT(PATIENT, MEASUREMENT, VALUE) VALUES (10, 2, 118);
INSERT INTO PATIENT_MEASUREMENT(PATIENT, MEASUREMENT, VALUE) VALUES (10, 3, 147);
INSERT INTO PATIENT_MEASUREMENT(PATIENT, MEASUREMENT, VALUE) VALUES (10, 4, 72);
INSERT INTO PATIENT_MEASUREMENT(PATIENT, MEASUREMENT, VALUE) VALUES (10, 5, 110);
INSERT INTO PATIENT_MEASUREMENT(PATIENT, MEASUREMENT, VALUE) VALUES (10, 6, 72);
INSERT INTO PATIENT_MEASUREMENT(PATIENT, MEASUREMENT, VALUE) VALUES (10, 7, 118);
INSERT INTO PATIENT_MEASUREMENT(PATIENT, MEASUREMENT, VALUE) VALUES (10, 8, 19);
INSERT INTO PATIENT_MEASUREMENT(PATIENT, MEASUREMENT, VALUE) VALUES (10, 9, 99);
INSERT INTO PATIENT_MEASUREMENT(PATIENT, MEASUREMENT, VALUE) VALUES (11, 1, 150);
INSERT INTO PATIENT_MEASUREMENT(PATIENT, MEASUREMENT, VALUE) VALUES (11, 2, 28);
INSERT INTO PATIENT_MEASUREMENT(PATIENT, MEASUREMENT, VALUE) VALUES (11, 3, 30);
INSERT INTO PATIENT_MEASUREMENT(PATIENT, MEASUREMENT, VALUE) VALUES (11, 4, 83);
INSERT INTO PATIENT_MEASUREMENT(PATIENT, MEASUREMENT, VALUE) VALUES (11, 5, 69);
INSERT INTO PATIENT_MEASUREMENT(PATIENT, MEASUREMENT, VALUE) VALUES (11, 6, 67);
INSERT INTO PATIENT_MEASUREMENT(PATIENT, MEASUREMENT, VALUE) VALUES (11, 7, 4);
INSERT INTO PATIENT_MEASUREMENT(PATIENT, MEASUREMENT, VALUE) VALUES (11, 8, 25);
INSERT INTO PATIENT_MEASUREMENT(PATIENT, MEASUREMENT, VALUE) VALUES (11, 9, 82);
INSERT INTO PATIENT_MEASUREMENT(PATIENT, MEASUREMENT, VALUE) VALUES (12, 1, 27);
INSERT INTO PATIENT_MEASUREMENT(PATIENT, MEASUREMENT, VALUE) VALUES (12, 2, 5);
INSERT INTO PATIENT_MEASUREMENT(PATIENT, MEASUREMENT, VALUE) VALUES (12, 3, 136);
INSERT INTO PATIENT_MEASUREMENT(PATIENT, MEASUREMENT, VALUE) VALUES (12, 4, 140);
INSERT INTO PATIENT_MEASUREMENT(PATIENT, MEASUREMENT, VALUE) VALUES (12, 5, 13);
INSERT INTO PATIENT_MEASUREMENT(PATIENT, MEASUREMENT, VALUE) VALUES (12, 6, 62);
INSERT INTO PATIENT_MEASUREMENT(PATIENT, MEASUREMENT, VALUE) VALUES (12, 7, 4);
INSERT INTO PATIENT_MEASUREMENT(PATIENT, MEASUREMENT, VALUE) VALUES (12, 8, 81);
INSERT INTO PATIENT_MEASUREMENT(PATIENT, MEASUREMENT, VALUE) VALUES (12, 9, 29);
INSERT INTO PATIENT_MEASUREMENT(PATIENT, MEASUREMENT, VALUE) VALUES (13, 1, 97);
INSERT INTO PATIENT_MEASUREMENT(PATIENT, MEASUREMENT, VALUE) VALUES (13, 2, 127);
INSERT INTO PATIENT_MEASUREMENT(PATIENT, MEASUREMENT, VALUE) VALUES (13, 3, 119);
INSERT INTO PATIENT_MEASUREMENT(PATIENT, MEASUREMENT, VALUE) VALUES (13, 4, 137);
INSERT INTO PATIENT_MEASUREMENT(PATIENT, MEASUREMENT, VALUE) VALUES (13, 5, 16);
INSERT INTO PATIENT_MEASUREMENT(PATIENT, MEASUREMENT, VALUE) VALUES (13, 6, 49);
INSERT INTO PATIENT_MEASUREMENT(PATIENT, MEASUREMENT, VALUE) VALUES (13, 7, 146);
INSERT INTO PATIENT_MEASUREMENT(PATIENT, MEASUREMENT, VALUE) VALUES (13, 8, 74);
INSERT INTO PATIENT_MEASUREMENT(PATIENT, MEASUREMENT, VALUE) VALUES (13, 9, 28);
INSERT INTO PATIENT_MEASUREMENT(PATIENT, MEASUREMENT, VALUE) VALUES (14, 1, 113);
INSERT INTO PATIENT_MEASUREMENT(PATIENT, MEASUREMENT, VALUE) VALUES (14, 2, 132);
INSERT INTO PATIENT_MEASUREMENT(PATIENT, MEASUREMENT, VALUE) VALUES (14, 3, 62);
INSERT INTO PATIENT_MEASUREMENT(PATIENT, MEASUREMENT, VALUE) VALUES (14, 4, 149);
INSERT INTO PATIENT_MEASUREMENT(PATIENT, MEASUREMENT, VALUE) VALUES (14, 5, 126);
INSERT INTO PATIENT_MEASUREMENT(PATIENT, MEASUREMENT, VALUE) VALUES (14, 6, 113);
INSERT INTO PATIENT_MEASUREMENT(PATIENT, MEASUREMENT, VALUE) VALUES (14, 7, 74);
INSERT INTO PATIENT_MEASUREMENT(PATIENT, MEASUREMENT, VALUE) VALUES (14, 8, 135);
INSERT INTO PATIENT_MEASUREMENT(PATIENT, MEASUREMENT, VALUE) VALUES (14, 9, 26);
INSERT INTO PATIENT_MEASUREMENT(PATIENT, MEASUREMENT, VALUE) VALUES (15, 1, 108);
INSERT INTO PATIENT_MEASUREMENT(PATIENT, MEASUREMENT, VALUE) VALUES (15, 2, 107);
INSERT INTO PATIENT_MEASUREMENT(PATIENT, MEASUREMENT, VALUE) VALUES (15, 3, 21);
INSERT INTO PATIENT_MEASUREMENT(PATIENT, MEASUREMENT, VALUE) VALUES (15, 4, 146);
INSERT INTO PATIENT_MEASUREMENT(PATIENT, MEASUREMENT, VALUE) VALUES (15, 5, 102);
INSERT INTO PATIENT_MEASUREMENT(PATIENT, MEASUREMENT, VALUE) VALUES (15, 6, 10);
INSERT INTO PATIENT_MEASUREMENT(PATIENT, MEASUREMENT, VALUE) VALUES (15, 7, 43);
INSERT INTO PATIENT_MEASUREMENT(PATIENT, MEASUREMENT, VALUE) VALUES (15, 8, 18);
INSERT INTO PATIENT_MEASUREMENT(PATIENT, MEASUREMENT, VALUE) VALUES (15, 9, 48);
INSERT INTO PATIENT_MEASUREMENT(PATIENT, MEASUREMENT, VALUE) VALUES (16, 1, 114);
INSERT INTO PATIENT_MEASUREMENT(PATIENT, MEASUREMENT, VALUE) VALUES (16, 2, 19);
INSERT INTO PATIENT_MEASUREMENT(PATIENT, MEASUREMENT, VALUE) VALUES (16, 3, 81);
INSERT INTO PATIENT_MEASUREMENT(PATIENT, MEASUREMENT, VALUE) VALUES (16, 4, 73);
INSERT INTO PATIENT_MEASUREMENT(PATIENT, MEASUREMENT, VALUE) VALUES (16, 5, 131);
INSERT INTO PATIENT_MEASUREMENT(PATIENT, MEASUREMENT, VALUE) VALUES (16, 6, 51);
INSERT INTO PATIENT_MEASUREMENT(PATIENT, MEASUREMENT, VALUE) VALUES (16, 7, 55);
INSERT INTO PATIENT_MEASUREMENT(PATIENT, MEASUREMENT, VALUE) VALUES (16, 8, 117);
INSERT INTO PATIENT_MEASUREMENT(PATIENT, MEASUREMENT, VALUE) VALUES (16, 9, 70);
INSERT INTO PATIENT_MEASUREMENT(PATIENT, MEASUREMENT, VALUE) VALUES (17, 1, 150);
INSERT INTO PATIENT_MEASUREMENT(PATIENT, MEASUREMENT, VALUE) VALUES (17, 2, 43);
INSERT INTO PATIENT_MEASUREMENT(PATIENT, MEASUREMENT, VALUE) VALUES (17, 3, 66);
INSERT INTO PATIENT_MEASUREMENT(PATIENT, MEASUREMENT, VALUE) VALUES (17, 4, 111);
INSERT INTO PATIENT_MEASUREMENT(PATIENT, MEASUREMENT, VALUE) VALUES (17, 5, 94);
INSERT INTO PATIENT_MEASUREMENT(PATIENT, MEASUREMENT, VALUE) VALUES (17, 6, 18);
INSERT INTO PATIENT_MEASUREMENT(PATIENT, MEASUREMENT, VALUE) VALUES (17, 7, 132);
INSERT INTO PATIENT_MEASUREMENT(PATIENT, MEASUREMENT, VALUE) VALUES (17, 8, 147);
INSERT INTO PATIENT_MEASUREMENT(PATIENT, MEASUREMENT, VALUE) VALUES (17, 9, 104);
INSERT INTO PATIENT_MEASUREMENT(PATIENT, MEASUREMENT, VALUE) VALUES (18, 1, 17);
INSERT INTO PATIENT_MEASUREMENT(PATIENT, MEASUREMENT, VALUE) VALUES (18, 2, 147);
INSERT INTO PATIENT_MEASUREMENT(PATIENT, MEASUREMENT, VALUE) VALUES (18, 3, 97);
INSERT INTO PATIENT_MEASUREMENT(PATIENT, MEASUREMENT, VALUE) VALUES (18, 4, 137);
INSERT INTO PATIENT_MEASUREMENT(PATIENT, MEASUREMENT, VALUE) VALUES (18, 5, 77);
INSERT INTO PATIENT_MEASUREMENT(PATIENT, MEASUREMENT, VALUE) VALUES (18, 6, 44);
INSERT INTO PATIENT_MEASUREMENT(PATIENT, MEASUREMENT, VALUE) VALUES (18, 7, 109);
INSERT INTO PATIENT_MEASUREMENT(PATIENT, MEASUREMENT, VALUE) VALUES (18, 8, 77);
INSERT INTO PATIENT_MEASUREMENT(PATIENT, MEASUREMENT, VALUE) VALUES (18, 9, 31);
INSERT INTO PATIENT_MEASUREMENT(PATIENT, MEASUREMENT, VALUE) VALUES (19, 1, 149);
INSERT INTO PATIENT_MEASUREMENT(PATIENT, MEASUREMENT, VALUE) VALUES (19, 2, 127);
INSERT INTO PATIENT_MEASUREMENT(PATIENT, MEASUREMENT, VALUE) VALUES (19, 3, 45);
INSERT INTO PATIENT_MEASUREMENT(PATIENT, MEASUREMENT, VALUE) VALUES (19, 4, 1);
INSERT INTO PATIENT_MEASUREMENT(PATIENT, MEASUREMENT, VALUE) VALUES (19, 5, 55);
INSERT INTO PATIENT_MEASUREMENT(PATIENT, MEASUREMENT, VALUE) VALUES (19, 6, 115);
INSERT INTO PATIENT_MEASUREMENT(PATIENT, MEASUREMENT, VALUE) VALUES (19, 7, 37);
INSERT INTO PATIENT_MEASUREMENT(PATIENT, MEASUREMENT, VALUE) VALUES (19, 8, 95);
INSERT INTO PATIENT_MEASUREMENT(PATIENT, MEASUREMENT, VALUE) VALUES (19, 9, 149);
INSERT INTO PATIENT_MEASUREMENT(PATIENT, MEASUREMENT, VALUE) VALUES (20, 1, 44);
INSERT INTO PATIENT_MEASUREMENT(PATIENT, MEASUREMENT, VALUE) VALUES (20, 2, 31);
INSERT INTO PATIENT_MEASUREMENT(PATIENT, MEASUREMENT, VALUE) VALUES (20, 3, 39);
INSERT INTO PATIENT_MEASUREMENT(PATIENT, MEASUREMENT, VALUE) VALUES (20, 4, 148);
INSERT INTO PATIENT_MEASUREMENT(PATIENT, MEASUREMENT, VALUE) VALUES (20, 5, 8);
INSERT INTO PATIENT_MEASUREMENT(PATIENT, MEASUREMENT, VALUE) VALUES (20, 6, 27);
INSERT INTO PATIENT_MEASUREMENT(PATIENT, MEASUREMENT, VALUE) VALUES (20, 7, 10);
INSERT INTO PATIENT_MEASUREMENT(PATIENT, MEASUREMENT, VALUE) VALUES (20, 8, 5);
INSERT INTO PATIENT_MEASUREMENT(PATIENT, MEASUREMENT, VALUE) VALUES (20, 9, 49);